{
  "hash": "4bb6621e",
  "configHash": "88213a4f",
  "lockfileHash": "afbef47c",
  "browserHash": "eeb765ad",
  "optimized": {
    "@angular/common": {
      "src": "../../../../../../node_modules/@angular/common/fesm2022/common.mjs",
      "file": "@angular_common.js",
      "fileHash": "10b9af45",
      "needsInterop": false
    },
    "@angular/common/http": {
      "src": "../../../../../../node_modules/@angular/common/fesm2022/http.mjs",
      "file": "@angular_common_http.js",
      "fileHash": "df9b2046",
      "needsInterop": false
    },
    "@angular/core": {
      "src": "../../../../../../node_modules/@angular/core/fesm2022/core.mjs",
      "file": "@angular_core.js",
      "fileHash": "a49ecffc",
      "needsInterop": false
    },
    "@angular/forms": {
      "src": "../../../../../../node_modules/@angular/forms/fesm2022/forms.mjs",
      "file": "@angular_forms.js",
      "fileHash": "384dd325",
      "needsInterop": false
    },
    "@angular/platform-browser": {
      "src": "../../../../../../node_modules/@angular/platform-browser/fesm2022/platform-browser.mjs",
      "file": "@angular_platform-browser.js",
      "fileHash": "6b5bb1e3",
      "needsInterop": false
    },
    "@angular/router": {
      "src": "../../../../../../node_modules/@angular/router/fesm2022/router.mjs",
      "file": "@angular_router.js",
      "fileHash": "d5a6afbd",
      "needsInterop": false
    }
  },
  "chunks": {
    "chunk-TVQZRLIR": {
      "file": "chunk-TVQZRLIR.js"
    },
    "chunk-NZDNKXNC": {
      "file": "chunk-NZDNKXNC.js"
    },
    "chunk-LC63JU7F": {
      "file": "chunk-LC63JU7F.js"
    },
    "chunk-SXHOZHTL": {
      "file": "chunk-SXHOZHTL.js"
    }
  }
}